Order_ID,Gender_Category,Product_Line,Product_Name,Size,Units_Sold,MRP,Discount_Applied,Revenue,Order_Date,Sales_Channel,Region,Profit
2000,Kids,Training,SuperRep Go,M,2.0,6110.030000000001,0.47,0.0,2024-03-09,Online,Bengaluru,-770.45
2001,Women,Soccer,Tiempo Legend,M,3.0,4957.93,0.615,0.0,2024-07-09,Retail,Hyd,-112.53
2014,Women,Running,React Infinity,11,2.0,6110.030000000001,0.615,0.0,2025-04-12,Online,Bangalore,-1044.4
2026,Kids,Lifestyle,Blazer Mid,XL,1.0,6110.030000000001,0.16,0.0,2024-08-10,Retail,Kolkata,2301.64
2029,Men,Training,ZoomX Invincible,12,0.0,6110.030000000001,0.615,0.0,2023-10-28,Online,Bangalore,-185.67
2031,Men,Soccer,Premier III,Unknown,4.0,3493.04,0.82,2514.99,2024-05-09,Online,Delhi,350.7
2043,Men,Soccer,Premier III,XL,2.0,3492.89,0.77,0.0,2024-05-02,Retail,Delhi,3770.75
2044,Kids,Training,SuperRep Go,Unknown,2.0,6110.030000000001,0.615,0.0,2023-09-06,Online,Delhi,2174.71
2045,Kids,Lifestyle,Dunk Low,XL,4.0,6110.030000000001,0.615,0.0,2025-04-06,Retail,Delhi,1833.94
2047,Women,Training,SuperRep Go,10,1.0,8577.75,0.615,0.0,2024-06-13,Retail,Bangalore,2888.68
2051,Women,Basketball,Air Jordan,XL,2.0,6110.030000000001,0.37,0.0,2024-01-05,Retail,Delhi,3135.98
2052,Men,Training,Flex Trainer,10,3.0,9155.96,0.615,0.0,2024-10-08,Retail,Pune,2184.8
2056,Men,Running,React Infinity,L,3.0,6110.030000000001,0.615,0.0,2024-05-31,Retail,Bangalore,-244.44
2059,Kids,Soccer,Phantom GT,Unknown,-1.0,9507.54,0.615,0.0,2023-12-27,Retail,Delhi,291.28
2060,Men,Lifestyle,Waffle One,L,2.0,7979.26,0.615,0.0,2024-07-11,Online,Bengaluru,2821.59
2065,Women,Lifestyle,Waffle One,10,2.0,6110.030000000001,0.78,0.0,2024-02-11,Retail,Hyd,21.58
2066,Men,Soccer,Phantom GT,XL,-1.0,5259.05,0.615,0.0,2024-12-10,Online,Mumbai,1022.82
2069,Women,Training,SuperRep Go,Unknown,2.0,7502.24,0.615,0.0,2025-07-14,Online,Pune,3554.58
2077,Men,Training,ZoomX Invincible,L,2.0,6110.030000000001,0.615,0.0,2023-11-21,Online,Pune,3332.66
2080,Men,Lifestyle,Blazer Mid,L,2.0,6110.030000000001,0.615,0.0,2025-03-31,Online,Bangalore,-1005.89
2028,Men,Running,Free RN,Unknown,-1.0,6110.030000000001,0.21,0.0,2024-02-14,Online,Hyderabad,3303.01
2084,Men,Training,Metcon 7,M,2.0,6110.030000000001,0.615,0.0,2023-12-24,Online,Mumbai,408.39
2086,Men,Soccer,Mercurial Superfly,L,0.0,6110.030000000001,0.45,0.0,2024-10-11,Online,Kolkata,1742.66
2098,Men,Training,ZoomX Invincible,L,2.0,5690.69,0.69,0.0,2024-01-24,Online,Hyderbad,98.3
2100,Kids,Soccer,Phantom GT,8,1.0,5937.52,0.615,0.0,2025-07-11,Retail,Mumbai,2287.57
2110,Kids,Running,Air Zoom,12,1.0,6110.030000000001,0.42,0.0,2024-12-25,Retail,Pune,-259.29
2113,Women,Basketball,Air Jordan,XL,2.0,3939.34,0.615,0.0,2023-12-19,Retail,Pune,2918.93
2117,Women,Training,SuperRep Go,L,0.0,7645.96,0.615,0.0,2024-10-30,Online,Pune,2037.43
2118,Kids,Basketball,Zoom Freak,XL,2.0,8426.54,0.615,0.0,2023-09-21,Online,Hyderbad,2696.85
2000,Kids,Running,React Infinity,M,-1.0,6110.030000000001,0.615,0.0,2023-11-20,Retail,Kolkata,929.75
2127,Men,Training,Metcon 7,L,-1.0,4020.5,0.615,0.0,2023-08-19,Online,Mumbai,3718.37
2135,Men,Basketball,Zoom Freak,L,2.0,9106.61,0.74,4735.44,2024-11-03,Retail,Hyderbad,2422.38
2136,Kids,Training,ZoomX Invincible,L,1.0,6110.030000000001,0.615,0.0,2024-09-15,Online,Pune,3672.24
2141,Kids,Soccer,Tiempo Legend,Unknown,2.0,6110.030000000001,1.1,0.0,2023-11-22,Retail,Kolkata,-1032.47
2142,Kids,Soccer,Mercurial Superfly,Unknown,2.0,6110.030000000001,0.615,0.0,2024-10-03,Retail,Kolkata,-995.59
2147,Women,Soccer,Phantom GT,XL,-1.0,6110.030000000001,0.615,0.0,2024-09-14,Online,Hyderabad,-426.53
2151,Kids,Soccer,Tiempo Legend,L,4.0,5619.75,0.615,0.0,2025-05-27,Online,Bengaluru,2000.85
2154,Kids,Lifestyle,Blazer Mid,XL,2.0,2963.16,0.615,0.0,2025-04-01,Online,Bangalore,2381.85
2160,Kids,Running,Air Zoom,XL,2.0,6110.030000000001,0.615,0.0,2025-03-01,Retail,Mumbai,3744.91
2168,Women,Running,Pegasus Turbo,Unknown,2.0,6110.030000000001,0.85,0.0,2024-08-01,Retail,Kolkata,3011.49
2022,Women,Lifestyle,Air Force 1,L,2.0,9378.52,1.06,0.0,2023-10-29,Retail,Mumbai,128.92
2177,Women,Lifestyle,Waffle One,XL,2.0,6110.030000000001,0.615,0.0,2025-06-27,Retail,Mumbai,885.37
2179,Women,Training,ZoomX Invincible,M,3.0,6110.030000000001,0.615,0.0,2024-01-26,Retail,Pune,3135.92
2180,Women,Basketball,LeBron 20,XL,2.0,6110.030000000001,0.615,0.0,2024-05-15,Online,Pune,2189.84
2192,Men,Basketball,Kyrie Flytrap,XL,-1.0,6110.030000000001,0.615,0.0,2023-10-13,Retail,Delhi,554.91
2193,Women,Lifestyle,Waffle One,XL,-1.0,6110.030000000001,1.24,0.0,2025-01-17,Retail,Delhi,1803.66
2196,Kids,Soccer,Premier III,L,2.0,2708.73,0.615,0.0,2025-06-30,Online,Delhi,925.63
2197,Kids,Training,ZoomX Invincible,L,3.0,6110.030000000001,0.615,0.0,2024-10-06,Online,Bengaluru,-418.5
2201,Women,Training,SuperRep Go,11,2.0,6110.030000000001,0.615,0.0,2024-05-10,Online,Mumbai,1403.56
2000,Kids,Training,Metcon 7,Unknown,4.0,6110.030000000001,0.94,0.0,2024-02-27,Retail,Bengaluru,2372.82
2221,Kids,Lifestyle,Waffle One,L,2.0,3375.97,0.615,0.0,2024-01-06,Retail,Mumbai,-297.05
2222,Men,Training,ZoomX Invincible,XL,2.0,8897.19,0.11,15837.0,2024-12-21,Retail,Mumbai,2821.69
2223,Kids,Training,Flex Trainer,M,-1.0,9180.15,0.615,0.0,2025-02-15,Online,Kolkata,799.28
2231,Kids,Training,Flex Trainer,9,0.0,6110.030000000001,1.05,0.0,2025-01-04,Online,Bengaluru,-39.48
2248,Men,Training,Metcon 7,M,4.0,8249.96,0.24,25079.88,2024-01-16,Online,Bengaluru,1625.14
2249,Men,Training,Flex Trainer,M,2.0,7730.77,0.615,0.0,2024-05-28,Online,Delhi,-692.94
2250,Men,Basketball,Kyrie Flytrap,XL,2.0,6110.030000000001,0.615,0.0,2024-10-01,Retail,Pune,821.13
2258,Women,Lifestyle,Dunk Low,L,2.0,6110.030000000001,0.39,0.0,2023-11-21,Online,Mumbai,2824.7
2262,Women,Running,Pegasus Turbo,L,0.0,6110.030000000001,0.615,0.0,2024-09-15,Retail,Pune,3146.93
2267,Women,Running,Air Zoom,M,-1.0,3075.72,0.615,0.0,2024-12-20,Retail,Kolkata,238.78
2268,Men,Soccer,Mercurial Superfly,M,3.0,7330.81,0.615,0.0,2023-11-16,Online,Kolkata,518.71
2269,Women,Training,ZoomX Invincible,11,4.0,6424.32,0.615,0.0,2024-07-14,Retail,Mumbai,-405.26
2271,Kids,Lifestyle,Waffle One,9,2.0,5116.58,0.07,0.0,2024-05-03,Retail,Delhi,1293.94
2273,Kids,Running,Free RN,M,-1.0,4004.36,0.615,0.0,2024-01-30,Online,Kolkata,-614.66
2276,Kids,Lifestyle,Air Force 1,L,-1.0,6066.5,0.615,0.0,2023-08-29,Retail,Kolkata,1181.87
2279,Women,Lifestyle,Blazer Mid,6,2.0,6110.030000000001,0.615,0.0,2024-08-03,Retail,Mumbai,766.72
2281,Kids,Lifestyle,Waffle One,M,2.0,6110.030000000001,0.615,0.0,2025-07-13,Retail,Kolkata,1753.48
2286,Women,Lifestyle,Waffle One,Unknown,2.0,6110.030000000001,0.615,0.0,2024-10-16,Online,Bangalore,2419.09
2317,Men,Training,Flex Trainer,M,2.0,9695.44,1.06,0.0,2024-09-13,Online,Kolkata,32.45
2321,Men,Lifestyle,Dunk Low,8,2.0,6110.030000000001,0.615,0.0,2024-06-10,Online,Mumbai,-362.47
2332,Kids,Training,Flex Trainer,Unknown,-1.0,6110.030000000001,0.22,0.0,2024-07-15,Retail,Pune,2914.06
2334,Women,Training,SuperRep Go,L,4.0,6110.030000000001,0.82,0.0,2024-06-06,Retail,Mumbai,-80.25
2335,Women,Running,Free RN,XL,0.0,5620.64,0.615,0.0,2024-01-05,Online,Mumbai,217.22
2336,Kids,Soccer,Mercurial Superfly,8,4.0,8482.43,0.615,0.0,2023-10-22,Online,Pune,3854.71
2342,Women,Training,Metcon 7,XL,2.0,6110.030000000001,0.615,0.0,2024-08-19,Retail,Kolkata,3463.09
2348,Kids,Training,Metcon 7,XL,2.0,6591.41,0.615,0.0,2025-04-29,Retail,Delhi,2604.68
2349,Kids,Soccer,Tiempo Legend,10,3.0,6110.030000000001,0.615,0.0,2023-10-25,Online,Delhi,-902.62
2353,Kids,Training,ZoomX Invincible,9,0.0,6110.030000000001,0.22,0.0,2024-10-03,Retail,Bangalore,818.35
2368,Women,Lifestyle,Waffle One,L,2.0,5582.98,0.615,0.0,2023-08-04,Retail,Delhi,2369.28
2372,Men,Running,Free RN,Unknown,2.0,7624.86,0.615,0.0,2025-05-23,Online,Kolkata,3365.96
2006,Women,Basketball,Zoom Freak,L,-1.0,8799.22,0.615,0.0,2023-08-13,Retail,Bangalore,-1109.57
2379,Men,Lifestyle,Air Force 1,L,4.0,6110.030000000001,0.615,0.0,2024-04-09,Online,Mumbai,3289.77
2382,Men,Lifestyle,Waffle One,L,4.0,6110.030000000001,0.615,0.0,2024-03-09,Retail,Mumbai,787.42
2394,Kids,Lifestyle,Air Force 1,XL,2.0,6110.030000000001,0.2,0.0,2023-08-18,Online,Delhi,-133.03
2397,Men,Soccer,Phantom GT,XL,2.0,6110.030000000001,0.615,0.0,2023-12-27,Retail,Mumbai,3996.96
2399,Women,Running,Air Zoom,L,-1.0,6188.29,0.615,0.0,2024-08-07,Retail,Pune,515.6
2025,Kids,Training,ZoomX Invincible,XL,4.0,6743.07,0.615,0.0,2024-10-09,Online,Pune,-277.41
2402,Kids,Running,React Infinity,Unknown,2.0,6437.85,0.615,0.0,2025-03-09,Online,Mumbai,1231.3
2404,Men,Lifestyle,Blazer Mid,XL,2.0,6110.030000000001,0.09,0.0,2024-01-25,Online,Pune,-501.36
2405,Men,Basketball,Kyrie Flytrap,6,1.0,6110.030000000001,0.615,0.0,2024-11-17,Online,Kolkata,69.95
2406,Men,Training,Metcon 7,L,4.0,6458.72,0.615,0.0,2023-09-17,Online,Mumbai,402.0
2407,Kids,Running,Free RN,6,2.0,9193.15,0.615,0.0,2023-12-30,Online,Kolkata,521.77
2414,Women,Basketball,Air Jordan,XL,2.0,8141.8,0.615,0.0,2024-01-25,Online,Hyd,-829.35
2418,Men,Soccer,Phantom GT,XL,2.0,9288.75,0.54,0.0,2025-04-29,Retail,Mumbai,3110.43
2419,Men,Lifestyle,Dunk Low,L,2.0,8738.99,0.47,0.0,2024-07-14,Online,Hyderabad,2868.49
2420,Kids,Basketball,Zoom Freak,9,2.0,6110.030000000001,1.02,0.0,2024-04-11,Online,Hyderbad,1664.6
2421,Women,Running,React Infinity,M,2.0,8136.39,0.615,0.0,2025-03-10,Retail,Pune,3398.15
2025,Kids,Training,Flex Trainer,11,2.0,4554.97,0.615,0.0,2025-03-05,Retail,Hyderbad,2802.1
2427,Men,Running,Pegasus Turbo,7,2.0,2904.11,0.615,0.0,2025-06-13,Online,Delhi,1683.98
2432,Women,Basketball,Zoom Freak,L,1.0,3036.61,0.86,425.13,2024-10-26,Online,Mumbai,3754.3
2435,Kids,Lifestyle,Waffle One,XL,2.0,5853.58,0.615,0.0,2024-04-01,Retail,Kolkata,2378.82
2438,Men,Training,Metcon 7,8,2.0,6110.030000000001,0.615,0.0,2024-11-24,Retail,Mumbai,2965.39
2444,Women,Lifestyle,Blazer Mid,XL,3.0,3676.04,0.615,0.0,2025-05-25,Retail,Pune,1621.74
2447,Kids,Lifestyle,Waffle One,XL,2.0,6110.030000000001,0.615,0.0,2024-05-04,Online,Kolkata,1291.8
2003,Women,Lifestyle,Waffle One,XL,2.0,8516.45,0.22,13285.66,2023-09-30,Online,Kolkata,1764.52
2451,Kids,Soccer,Premier III,Unknown,2.0,6110.030000000001,0.54,0.0,2023-11-04,Online,Mumbai,2233.57
2456,Women,Soccer,Premier III,M,0.0,4254.68,0.615,0.0,2025-03-15,Retail,Kolkata,3498.64
2458,Kids,Soccer,Phantom GT,Unknown,2.0,6110.030000000001,0.615,0.0,2023-12-20,Retail,Pune,573.21
2459,Kids,Basketball,Air Jordan,M,2.0,3572.52,0.615,0.0,2024-04-20,Retail,Kolkata,-404.04
2460,Women,Basketball,Zoom Freak,XL,2.0,5482.96,0.35,7127.85,2024-11-04,Online,Kolkata,-823.8
2462,Men,Basketball,Zoom Freak,8,2.0,4468.7,0.49,0.0,2025-01-23,Retail,Pune,2143.6
2464,Women,Lifestyle,Blazer Mid,XL,3.0,2699.59,0.615,0.0,2024-06-30,Retail,Hyderabad,3507.56
2467,Kids,Training,SuperRep Go,M,1.0,8484.82,0.615,0.0,2023-11-05,Online,Mumbai,1899.54
2469,Men,Training,Metcon 7,XL,4.0,6110.030000000001,1.08,0.0,2025-05-21,Retail,Mumbai,-279.26
2475,Men,Running,Free RN,L,2.0,6110.030000000001,1.06,0.0,2025-01-07,Online,Bengaluru,3885.97
2487,Men,Running,Air Zoom,L,3.0,5881.13,0.8,3528.68,2025-03-31,Online,Hyderbad,2108.4
2497,Kids,Basketball,Air Jordan,XL,1.0,6110.030000000001,0.615,0.0,2023-11-29,Online,Mumbai,2592.98
2499,Women,Soccer,Premier III,L,2.0,8347.87,0.615,0.0,2024-06-07,Retail,Hyderbad,1488.3
2502,Women,Basketball,Kyrie Flytrap,M,0.0,6110.030000000001,0.615,0.0,2023-09-10,Retail,Mumbai,2412.82
2507,Men,Soccer,Phantom GT,L,2.0,6110.030000000001,0.615,0.0,2024-03-13,Retail,Hyderbad,2116.53
2516,Kids,Running,React Infinity,Unknown,2.0,6110.030000000001,0.615,0.0,2024-01-21,Online,Pune,157.65
2518,Women,Basketball,Air Jordan,L,2.0,6110.030000000001,1.03,0.0,2024-07-03,Retail,Delhi,-703.61
2519,Women,Running,React Infinity,L,2.0,9701.72,0.615,0.0,2024-11-10,Online,Hyd,-835.82
2522,Men,Running,Pegasus Turbo,XL,4.0,6243.91,0.615,0.0,2024-02-13,Retail,Kolkata,-199.13
2525,Women,Training,Metcon 7,XL,2.0,6110.030000000001,0.615,0.0,2025-02-18,Retail,Kolkata,3453.18
2526,Kids,Lifestyle,Waffle One,10,1.0,6110.030000000001,0.615,0.0,2024-08-01,Retail,Hyderabad,3188.07
2527,Men,Lifestyle,Air Force 1,XL,2.0,7408.91,0.615,0.0,2024-03-18,Online,Delhi,-138.78
2533,Women,Training,Flex Trainer,L,2.0,6110.030000000001,1.02,0.0,2024-01-31,Online,Mumbai,2155.46
2540,Women,Lifestyle,Air Force 1,L,2.0,8794.64,0.615,0.0,2025-01-09,Online,Mumbai,-938.07
2550,Men,Soccer,Premier III,XL,1.0,6121.21,0.05,5815.15,2023-09-08,Online,Kolkata,2470.08
2553,Kids,Basketball,Kyrie Flytrap,Unknown,2.0,6708.16,0.615,0.0,2025-02-24,Online,Delhi,-739.72
2561,Women,Soccer,Tiempo Legend,XL,2.0,3642.21,0.615,0.0,2024-03-25,Online,Bengaluru,3900.7
2562,Kids,Training,ZoomX Invincible,L,1.0,6110.030000000001,0.615,0.0,2024-12-21,Retail,Mumbai,-79.1
2563,Men,Soccer,Mercurial Superfly,M,2.0,9443.35,0.54,8687.88,2025-04-13,Retail,Kolkata,2706.61
2564,Women,Basketball,LeBron 20,M,2.0,6110.030000000001,0.72,0.0,2023-08-07,Online,Delhi,1279.03
2565,Women,Lifestyle,Dunk Low,XL,4.0,3028.41,0.615,0.0,2024-09-18,Online,Mumbai,1754.48
2571,Kids,Soccer,Phantom GT,6,2.0,4728.95,0.615,0.0,2023-11-28,Retail,Mumbai,276.98
2577,Women,Running,Air Zoom,L,-1.0,5545.52,0.615,0.0,2023-11-16,Retail,Mumbai,1185.56
2589,Men,Training,Metcon 7,M,3.0,6110.030000000001,0.615,0.0,2024-09-17,Online,Kolkata,1429.18
2594,Women,Training,ZoomX Invincible,XL,3.0,7944.34,0.67,7864.9,2024-02-23,Retail,Hyderbad,1534.91
2595,Men,Basketball,LeBron 20,XL,0.0,6110.030000000001,0.615,0.0,2024-02-23,Retail,Delhi,420.27
2603,Women,Running,Air Zoom,L,0.0,6110.030000000001,0.615,0.0,2025-03-18,Online,Hyd,-144.08
2047,Men,Soccer,Phantom GT,Unknown,4.0,6136.45,0.615,0.0,2024-12-17,Online,Kolkata,2790.51
2605,Kids,Lifestyle,Dunk Low,Unknown,-1.0,7206.45,0.615,0.0,2025-02-01,Online,Bengaluru,-228.84
2607,Women,Basketball,LeBron 20,Unknown,2.0,6110.030000000001,0.615,0.0,2023-08-31,Online,Kolkata,3522.02
2610,Women,Lifestyle,Blazer Mid,M,2.0,8359.07,0.615,0.0,2025-05-06,Online,Bangalore,167.72
2612,Women,Training,Flex Trainer,M,0.0,6110.030000000001,0.615,0.0,2023-08-10,Retail,Mumbai,507.1
2616,Men,Lifestyle,Waffle One,XL,2.0,6110.030000000001,0.2,0.0,2024-06-07,Online,Kolkata,2788.41
2619,Kids,Lifestyle,Waffle One,L,4.0,6110.030000000001,0.65,0.0,2024-01-22,Online,Hyd,-300.28
2621,Kids,Soccer,Phantom GT,L,3.0,6466.57,0.59,7953.88,2024-05-19,Online,Bangalore,-1152.86
2625,Kids,Training,Flex Trainer,M,-1.0,6815.44,0.615,0.0,2025-02-05,Online,Pune,3874.57
2627,Women,Basketball,LeBron 20,7,2.0,6110.030000000001,0.615,0.0,2023-12-31,Online,Delhi,282.13
2635,Women,Running,React Infinity,M,2.0,3934.22,0.615,0.0,2024-02-28,Online,Kolkata,430.63
2638,Men,Soccer,Premier III,8,1.0,5028.99,0.615,0.0,2024-01-22,Online,Pune,654.11
2639,Men,Lifestyle,Blazer Mid,XL,2.0,2597.93,0.615,0.0,2025-06-25,Retail,Pune,374.95
2648,Men,Running,React Infinity,L,2.0,3477.49,0.54,0.0,2025-03-06,Retail,Delhi,3487.39
2650,Men,Lifestyle,Blazer Mid,Unknown,2.0,6110.030000000001,0.615,0.0,2023-08-14,Retail,Bangalore,3703.68
2651,Kids,Basketball,Air Jordan,L,1.0,6110.030000000001,0.615,0.0,2024-10-27,Online,Kolkata,-819.33
2654,Kids,Soccer,Tiempo Legend,M,2.0,6110.030000000001,0.615,0.0,2024-07-21,Online,Bangalore,2933.02
2658,Women,Lifestyle,Dunk Low,L,1.0,6110.030000000001,0.615,0.0,2025-04-26,Online,Delhi,155.53
2027,Men,Soccer,Premier III,12,4.0,7204.01,0.615,0.0,2025-06-15,Retail,Delhi,3951.42
2679,Men,Training,Flex Trainer,M,2.0,2758.08,0.04,0.0,2024-07-05,Online,Bangalore,2447.58
2031,Women,Soccer,Phantom GT,L,2.0,6110.030000000001,0.615,0.0,2024-07-12,Online,Mumbai,3119.37
2692,Women,Training,Metcon 7,XL,2.0,6110.030000000001,0.47,0.0,2024-06-02,Online,Bangalore,2528.27
2703,Kids,Running,Pegasus Turbo,L,2.0,5214.32,0.615,0.0,2025-06-24,Online,Kolkata,-637.13
2705,Men,Running,Pegasus Turbo,Unknown,2.0,6110.030000000001,0.615,0.0,2024-01-07,Retail,Pune,-37.88
2715,Kids,Basketball,LeBron 20,L,0.0,6110.030000000001,1.07,0.0,2025-06-13,Online,Kolkata,-1164.37
2719,Women,Training,Metcon 7,Unknown,2.0,4819.76,0.615,0.0,2024-03-22,Retail,Kolkata,2066.12
2721,Kids,Training,Flex Trainer,L,0.0,6110.030000000001,0.615,0.0,2023-11-11,Online,Bangalore,1275.23
2724,Women,Training,Flex Trainer,L,2.0,8007.22,0.615,0.0,2025-01-16,Online,Delhi,1190.2
2732,Women,Training,SuperRep Go,M,0.0,3402.8,0.615,0.0,2025-03-01,Online,Hyderabad,1045.5
2733,Women,Running,Free RN,L,2.0,6743.38,0.615,0.0,2024-11-22,Online,Pune,1908.63
2736,Men,Soccer,Tiempo Legend,Unknown,2.0,6110.030000000001,0.49,0.0,2025-02-22,Retail,Delhi,3042.49
2738,Women,Training,ZoomX Invincible,M,3.0,6110.030000000001,0.39,0.0,2025-05-11,Retail,Pune,-712.53
2741,Women,Training,SuperRep Go,L,2.0,5241.9,0.615,0.0,2025-01-15,Online,Hyderabad,-295.49
2754,Kids,Training,ZoomX Invincible,XL,1.0,6110.030000000001,0.615,0.0,2025-01-03,Online,Kolkata,3565.12
2756,Women,Lifestyle,Waffle One,Unknown,2.0,8510.85,1.11,0.0,2023-09-21,Retail,Bengaluru,1491.91
2759,Kids,Soccer,Premier III,Unknown,2.0,6110.030000000001,0.615,0.0,2024-01-26,Retail,Delhi,1822.72
2771,Men,Running,Pegasus Turbo,M,2.0,5222.92,0.615,0.0,2025-05-26,Online,Delhi,1804.67
2776,Men,Training,Flex Trainer,L,2.0,6110.030000000001,0.615,0.0,2025-03-17,Retail,Mumbai,1143.68
2779,Kids,Basketball,Kyrie Flytrap,Unknown,2.0,6110.030000000001,0.09,0.0,2024-12-06,Online,Bengaluru,-187.36
2781,Men,Training,Metcon 7,12,1.0,6546.59,0.68,2094.91,2023-09-03,Retail,Bangalore,1504.31
2788,Women,Soccer,Mercurial Superfly,M,2.0,7478.84,0.615,0.0,2024-01-04,Retail,Hyd,-18.4
2789,Kids,Lifestyle,Dunk Low,M,2.0,6110.030000000001,0.615,0.0,2024-01-15,Retail,Kolkata,1756.75
2791,Kids,Training,Metcon 7,M,2.0,6110.030000000001,0.615,0.0,2024-05-29,Retail,Delhi,1194.43
2796,Men,Lifestyle,Dunk Low,12,-1.0,2849.49,0.615,0.0,2023-11-08,Retail,Mumbai,2597.58
2797,Women,Lifestyle,Dunk Low,Unknown,2.0,2162.29,0.615,0.0,2025-03-30,Retail,Delhi,3158.47
2801,Women,Running,React Infinity,8,2.0,6110.030000000001,0.615,0.0,2024-02-13,Retail,Mumbai,2966.12
2802,Men,Running,Free RN,L,3.0,6110.030000000001,0.615,0.0,2024-01-19,Online,Kolkata,-231.73
2803,Women,Soccer,Mercurial Superfly,XL,0.0,6110.030000000001,0.615,0.0,2023-11-02,Online,Hyderbad,83.11
2805,Women,Running,Pegasus Turbo,L,-1.0,6110.030000000001,0.82,0.0,2023-08-28,Online,Pune,2037.76
2806,Kids,Basketball,Kyrie Flytrap,7,3.0,4466.78,0.615,0.0,2024-02-10,Online,Bangalore,2407.08
2819,Kids,Soccer,Premier III,9,2.0,7645.41,0.615,0.0,2025-01-20,Retail,Bengaluru,593.62
2829,Men,Basketball,LeBron 20,XL,2.0,6110.030000000001,0.615,0.0,2024-07-17,Online,Kolkata,2539.92
2832,Kids,Basketball,Kyrie Flytrap,Unknown,0.0,6110.030000000001,0.15,0.0,2024-05-17,Retail,Hyd,752.0
2834,Kids,Training,Flex Trainer,M,-1.0,9544.08,0.615,0.0,2024-09-05,Retail,Kolkata,575.58
2835,Women,Lifestyle,Air Force 1,Unknown,2.0,9240.64,0.63,0.0,2024-10-07,Retail,Pune,1873.76
2836,Men,Basketball,Kyrie Flytrap,L,0.0,9098.9,0.75,0.0,2025-07-22,Retail,Delhi,2729.87
2050,Women,Lifestyle,Blazer Mid,L,-1.0,6110.030000000001,0.615,0.0,2024-11-28,Online,Kolkata,3407.87
2842,Women,Soccer,Phantom GT,M,-1.0,6110.030000000001,0.615,0.0,2025-01-19,Online,Bangalore,-1193.98
2845,Men,Training,ZoomX Invincible,Unknown,2.0,6110.030000000001,0.615,0.0,2023-10-31,Retail,Pune,40.98
2008,Men,Running,Air Zoom,XL,2.0,6110.030000000001,0.615,0.0,2024-07-25,Retail,Mumbai,-639.42
2850,Kids,Lifestyle,Waffle One,XL,2.0,6110.030000000001,0.615,0.0,2024-11-10,Retail,Pune,458.86
2851,Kids,Lifestyle,Blazer Mid,XL,2.0,2241.11,0.615,0.0,2024-12-28,Online,Mumbai,1243.95
2854,Women,Basketball,LeBron 20,Unknown,-1.0,6110.030000000001,0.98,0.0,2023-11-07,Online,Pune,1103.35
2856,Kids,Basketball,Kyrie Flytrap,M,2.0,6110.030000000001,1.14,0.0,2023-10-12,Online,Kolkata,3137.85
2863,Women,Training,Metcon 7,6,2.0,8609.77,0.615,0.0,2024-11-23,Retail,Pune,-711.07
2867,Men,Soccer,Mercurial Superfly,11,1.0,9936.58,0.615,0.0,2025-02-20,Online,Hyd,3190.43
2872,Men,Basketball,Kyrie Flytrap,M,2.0,3953.13,0.615,0.0,2024-01-08,Online,Kolkata,3414.32
2874,Women,Soccer,Mercurial Superfly,L,2.0,6110.030000000001,0.01,0.0,2024-03-04,Retail,Delhi,-109.71
2877,Women,Basketball,Kyrie Flytrap,Unknown,2.0,6110.030000000001,0.615,0.0,2024-12-08,Retail,Kolkata,3327.04
2887,Women,Lifestyle,Waffle One,L,2.0,9292.33,0.615,0.0,2024-02-25,Online,Hyderbad,3747.95
2892,Women,Running,Free RN,M,4.0,6110.030000000001,0.615,0.0,2024-11-24,Online,Bengaluru,-1195.79
2893,Women,Running,React Infinity,10,1.0,6110.030000000001,0.61,0.0,2025-04-01,Retail,Delhi,780.43
2899,Men,Basketball,LeBron 20,L,3.0,6531.36,0.615,0.0,2025-05-17,Online,Mumbai,-91.78
2006,Men,Lifestyle,Waffle One,XL,2.0,6110.030000000001,0.615,0.0,2023-09-26,Retail,Mumbai,-716.79
2906,Women,Lifestyle,Waffle One,7,1.0,6110.030000000001,0.615,0.0,2024-08-25,Retail,Delhi,-291.45
2907,Men,Soccer,Premier III,L,2.0,8432.5,0.615,0.0,2024-02-25,Retail,Kolkata,3790.63
2909,Women,Running,Air Zoom,XL,2.0,7617.75,0.33,0.0,2024-08-20,Retail,Pune,-186.9
2911,Kids,Basketball,Zoom Freak,M,2.0,6110.030000000001,0.615,0.0,2023-10-26,Retail,Mumbai,927.88
2912,Kids,Running,React Infinity,XL,2.0,9839.63,0.98,393.59,2024-03-07,Online,Bengaluru,1218.22
2916,Kids,Lifestyle,Blazer Mid,XL,2.0,6110.030000000001,0.615,0.0,2024-08-05,Retail,Hyderabad,-1121.25
2929,Kids,Soccer,Tiempo Legend,M,2.0,6589.95,0.615,0.0,2024-04-01,Retail,Hyderabad,157.26
2931,Men,Basketball,Zoom Freak,7,2.0,6110.030000000001,0.615,0.0,2023-08-25,Retail,Pune,3751.45
2933,Women,Training,ZoomX Invincible,Unknown,2.0,9501.17,0.615,0.0,2024-04-13,Retail,Hyderbad,1069.32
2934,Women,Basketball,LeBron 20,XL,-1.0,2370.91,0.615,0.0,2024-03-14,Online,Mumbai,3043.95
2935,Men,Lifestyle,Dunk Low,L,4.0,6110.030000000001,0.615,0.0,2024-05-13,Online,Hyd,478.07
2936,Women,Training,Flex Trainer,XL,1.0,6496.58,0.29,4612.57,2024-07-31,Retail,Pune,1933.1
2941,Men,Lifestyle,Blazer Mid,XL,-1.0,9331.65,0.615,0.0,2025-05-02,Retail,Kolkata,492.35
2949,Men,Running,React Infinity,M,2.0,6110.030000000001,0.49,0.0,2025-07-05,Online,Delhi,698.79
2952,Kids,Training,SuperRep Go,XL,2.0,5443.44,0.615,0.0,2024-09-13,Retail,Kolkata,2237.39
2956,Kids,Training,ZoomX Invincible,Unknown,4.0,6110.030000000001,0.86,0.0,2024-05-16,Online,Mumbai,3144.87
2961,Kids,Soccer,Tiempo Legend,XL,2.0,6110.030000000001,0.615,0.0,2024-11-21,Retail,Mumbai,665.39
2964,Kids,Basketball,Zoom Freak,Unknown,-1.0,6110.030000000001,0.615,0.0,2024-06-17,Online,Mumbai,995.42
2966,Kids,Training,Flex Trainer,8,3.0,6110.030000000001,0.615,0.0,2025-02-27,Online,Pune,333.36
2981,Kids,Soccer,Premier III,M,4.0,5185.52,0.615,0.0,2025-01-10,Retail,Pune,2777.67
2985,Kids,Running,Free RN,Unknown,2.0,8996.05,0.48,0.0,2024-05-16,Online,Bengaluru,3419.45
2989,Men,Soccer,Mercurial Superfly,M,1.0,6429.61,0.615,0.0,2024-02-14,Online,Bengaluru,2459.52
2994,Women,Lifestyle,Air Force 1,11,2.0,2932.39,0.98,0.0,2024-12-07,Retail,Mumbai,2962.69
2996,Women,Basketball,Air Jordan,11,2.0,6110.030000000001,0.615,0.0,2025-07-01,Online,Pune,3753.82
2043,Women,Lifestyle,Waffle One,L,-1.0,6110.030000000001,0.615,0.0,2024-10-13,Retail,Mumbai,497.69
3001,Men,Soccer,Premier III,L,2.0,6110.030000000001,0.615,0.0,2024-01-25,Online,Delhi,-362.26
3002,Women,Lifestyle,Waffle One,Unknown,4.0,6110.030000000001,0.615,0.0,2024-11-22,Retail,Delhi,3535.87
3003,Men,Basketball,Zoom Freak,XL,2.0,6110.030000000001,0.615,0.0,2023-08-03,Online,Bangalore,-646.26
3005,Women,Basketball,Zoom Freak,9,2.0,6110.030000000001,0.19,0.0,2025-04-23,Online,Delhi,3295.17
3010,Women,Soccer,Tiempo Legend,Unknown,2.0,6110.030000000001,0.615,0.0,2025-05-05,Online,Pune,-311.32
3018,Kids,Soccer,Premier III,11,2.0,6110.030000000001,0.615,0.0,2024-08-22,Retail,Kolkata,3364.85
3019,Women,Running,Free RN,XL,2.0,9942.61,0.615,0.0,2023-12-19,Retail,Kolkata,1316.3
3021,Women,Soccer,Mercurial Superfly,6,4.0,6110.030000000001,0.42,0.0,2023-09-21,Retail,Hyd,3050.7
3023,Kids,Basketball,Zoom Freak,Unknown,2.0,2493.28,0.615,0.0,2024-05-19,Retail,Delhi,708.93
3030,Men,Soccer,Mercurial Superfly,Unknown,3.0,6969.28,0.58,8781.29,2023-08-08,Online,Kolkata,98.19
3031,Kids,Soccer,Premier III,M,4.0,8588.14,0.615,0.0,2023-10-11,Online,Kolkata,-117.68
3033,Men,Training,ZoomX Invincible,M,2.0,9397.68,0.74,0.0,2024-11-21,Retail,Hyd,313.58
2033,Kids,Lifestyle,Waffle One,M,2.0,6110.030000000001,0.615,0.0,2025-01-22,Online,Kolkata,-679.74
3038,Kids,Lifestyle,Air Force 1,M,0.0,4195.03,0.615,0.0,2025-01-27,Retail,Delhi,1068.18
3039,Kids,Soccer,Premier III,10,2.0,5366.19,0.615,0.0,2024-03-17,Online,Pune,638.3
3040,Women,Lifestyle,Waffle One,XL,2.0,6110.030000000001,0.615,0.0,2024-08-12,Online,Hyd,3833.04
3048,Women,Lifestyle,Waffle One,6,1.0,6110.030000000001,0.23,0.0,2025-07-17,Retail,Hyderabad,517.17
3049,Kids,Lifestyle,Air Force 1,11,2.0,6110.030000000001,1.06,0.0,2025-06-22,Online,Pune,-156.45
3051,Men,Training,Metcon 7,M,2.0,6110.030000000001,0.615,0.0,2024-07-28,Online,Bengaluru,166.42
3053,Women,Lifestyle,Air Force 1,L,2.0,6323.09,1.0,0.0,2024-09-18,Retail,Mumbai,1283.62
3057,Women,Soccer,Mercurial Superfly,Unknown,2.0,4244.95,0.615,0.0,2025-01-21,Retail,Bengaluru,3693.98
3058,Men,Soccer,Phantom GT,M,-1.0,8048.66,0.615,0.0,2023-08-01,Retail,Kolkata,3860.59
3064,Men,Soccer,Tiempo Legend,Unknown,2.0,6041.3,0.615,0.0,2024-01-11,Retail,Pune,-1048.54
3066,Kids,Training,ZoomX Invincible,L,2.0,6110.030000000001,0.615,0.0,2024-03-01,Online,Mumbai,1383.01
3067,Men,Lifestyle,Blazer Mid,9,4.0,6110.030000000001,0.615,0.0,2024-03-05,Retail,Hyderbad,1939.56
3071,Women,Running,Air Zoom,Unknown,2.0,5081.53,0.615,0.0,2023-10-21,Online,Mumbai,-663.86
3075,Kids,Soccer,Premier III,L,2.0,6110.030000000001,0.91,0.0,2025-05-28,Retail,Mumbai,3594.94
3079,Women,Running,React Infinity,L,2.0,6110.030000000001,0.615,0.0,2024-01-10,Retail,Bengaluru,2815.43
3090,Women,Basketball,LeBron 20,Unknown,2.0,8187.65,1.01,0.0,2023-12-11,Retail,Pune,196.88
3094,Men,Basketball,Zoom Freak,Unknown,2.0,4731.54,0.615,0.0,2024-07-11,Online,Delhi,3485.33
3106,Men,Running,Pegasus Turbo,Unknown,2.0,6110.030000000001,0.615,0.0,2025-03-09,Online,Bengaluru,3276.53
3114,Women,Running,React Infinity,L,1.0,7627.37,0.615,0.0,2025-03-27,Retail,Bengaluru,2752.18
3119,Kids,Lifestyle,Air Force 1,Unknown,2.0,6110.030000000001,0.615,0.0,2023-08-12,Online,Hyderbad,3995.49
3121,Kids,Training,Flex Trainer,8,2.0,2514.0,0.69,0.0,2025-03-06,Online,Kolkata,1345.4
3123,Kids,Running,Free RN,L,2.0,9804.78,0.615,0.0,2025-05-26,Online,Pune,-965.5
3124,Kids,Soccer,Mercurial Superfly,Unknown,2.0,7538.96,0.615,0.0,2025-03-31,Online,Delhi,2407.4
3126,Kids,Running,React Infinity,Unknown,2.0,6110.030000000001,0.615,0.0,2024-06-10,Online,Bengaluru,2772.69
3127,Men,Training,ZoomX Invincible,XL,1.0,4614.33,0.47,2445.59,2024-10-07,Online,Pune,-440.44
3129,Kids,Basketball,Kyrie Flytrap,XL,2.0,5732.66,0.615,0.0,2024-01-30,Retail,Delhi,3187.59
3130,Men,Basketball,Air Jordan,XL,2.0,3015.02,0.615,0.0,2025-05-16,Online,Pune,2868.91
3133,Kids,Soccer,Mercurial Superfly,L,2.0,6110.030000000001,0.77,0.0,2024-04-15,Retail,Delhi,88.55
3137,Kids,Soccer,Premier III,Unknown,2.0,7176.21,0.615,0.0,2025-07-08,Online,Bangalore,659.4
3140,Women,Lifestyle,Blazer Mid,L,2.0,6110.030000000001,1.03,0.0,2023-11-19,Retail,Bangalore,3855.21
3144,Women,Running,Free RN,7,2.0,8613.08,0.615,0.0,2023-09-11,Retail,Hyderbad,-1049.73
3146,Women,Soccer,Premier III,XL,1.0,6110.030000000001,0.615,0.0,2024-12-29,Retail,Hyd,1087.27
3150,Women,Lifestyle,Dunk Low,Unknown,0.0,6110.030000000001,0.615,0.0,2024-10-04,Online,Kolkata,-848.63
3160,Women,Basketball,Air Jordan,M,2.0,6110.030000000001,0.615,0.0,2024-07-25,Retail,Delhi,888.87
3162,Men,Soccer,Tiempo Legend,XL,2.0,6110.030000000001,0.615,0.0,2024-02-24,Online,Pune,1686.78
3163,Women,Running,Free RN,Unknown,2.0,8204.14,0.615,0.0,2025-06-22,Retail,Delhi,961.65
3171,Men,Lifestyle,Air Force 1,Unknown,2.0,6110.030000000001,0.615,0.0,2023-11-16,Online,Bangalore,-445.89
3172,Men,Training,Metcon 7,9,-1.0,6110.030000000001,0.39,0.0,2023-11-14,Retail,Pune,1877.19
3186,Men,Basketball,Zoom Freak,Unknown,2.0,3156.31,0.615,0.0,2024-10-16,Retail,Delhi,540.77
3192,Kids,Running,Free RN,M,1.0,6110.030000000001,0.615,0.0,2025-03-16,Online,Pune,2055.67
3193,Kids,Running,Pegasus Turbo,11,2.0,8581.98,0.615,0.0,2025-02-24,Retail,Pune,3969.18
3194,Kids,Training,SuperRep Go,M,-1.0,6110.030000000001,0.615,0.0,2023-10-21,Online,Hyderabad,896.94
3204,Men,Soccer,Phantom GT,Unknown,2.0,6110.030000000001,0.18,0.0,2024-12-09,Online,Kolkata,3367.72
2002,Women,Lifestyle,Dunk Low,7,2.0,6110.030000000001,0.24,0.0,2024-12-11,Online,Delhi,912.61
3209,Women,Training,Flex Trainer,M,2.0,6110.030000000001,0.17,0.0,2024-08-20,Retail,Bengaluru,1986.27
3212,Kids,Soccer,Mercurial Superfly,M,4.0,7670.57,0.615,0.0,2024-10-05,Retail,Kolkata,2025.11
3213,Men,Running,Air Zoom,XL,2.0,6110.030000000001,0.615,0.0,2024-12-28,Online,Kolkata,3221.7
3215,Men,Soccer,Phantom GT,XL,2.0,6110.030000000001,0.615,0.0,2024-02-20,Online,Kolkata,2109.68
3216,Men,Basketball,Air Jordan,XL,2.0,6110.030000000001,0.615,0.0,2023-08-14,Online,Mumbai,2508.13
3222,Kids,Basketball,Air Jordan,XL,-1.0,5300.32,0.615,0.0,2024-10-08,Online,Bangalore,2593.48
3225,Kids,Basketball,Kyrie Flytrap,L,2.0,7364.6,0.615,0.0,2023-12-20,Retail,Kolkata,-458.05
3232,Kids,Lifestyle,Air Force 1,Unknown,0.0,6110.030000000001,0.615,0.0,2023-11-11,Online,Pune,2083.57
3237,Kids,Basketball,LeBron 20,L,3.0,5596.52,0.615,0.0,2024-08-16,Retail,Mumbai,2926.28
3240,Kids,Basketball,Zoom Freak,9,-1.0,8776.59,0.615,0.0,2024-05-27,Retail,Hyd,-1020.05
3245,Women,Running,React Infinity,L,3.0,6110.030000000001,0.615,0.0,2024-05-19,Retail,Pune,3102.91
3248,Women,Lifestyle,Blazer Mid,12,0.0,8234.91,0.615,0.0,2024-11-24,Online,Mumbai,2984.1
3252,Men,Basketball,Zoom Freak,10,1.0,6110.030000000001,0.615,0.0,2024-03-26,Online,Mumbai,-563.83
3257,Women,Running,Free RN,7,-1.0,7056.01,0.615,0.0,2025-01-19,Retail,Kolkata,1190.89
3260,Men,Soccer,Mercurial Superfly,7,1.0,6110.030000000001,0.615,0.0,2025-06-28,Online,Mumbai,1287.17
3262,Women,Basketball,LeBron 20,6,2.0,6110.030000000001,0.615,0.0,2024-12-26,Retail,Bangalore,1490.29
3268,Men,Soccer,Mercurial Superfly,L,2.0,6110.030000000001,0.615,0.0,2025-07-11,Retail,Mumbai,1586.4
3269,Women,Soccer,Mercurial Superfly,M,2.0,7268.31,0.615,0.0,2024-12-03,Online,Mumbai,-719.57
3270,Kids,Lifestyle,Dunk Low,XL,2.0,6110.030000000001,0.615,0.0,2025-06-03,Online,Pune,3619.8
3280,Kids,Training,SuperRep Go,XL,-1.0,7709.7,0.615,0.0,2024-10-12,Online,Mumbai,663.54
3282,Kids,Basketball,Air Jordan,XL,4.0,6110.030000000001,0.23,0.0,2024-05-19,Retail,Delhi,-190.17
3284,Women,Running,Free RN,Unknown,4.0,5776.74,0.615,0.0,2024-08-20,Online,Kolkata,210.83
3292,Women,Training,Metcon 7,M,2.0,6110.030000000001,0.615,0.0,2025-05-23,Online,Hyd,2299.04
3303,Kids,Soccer,Tiempo Legend,9,2.0,6380.5,0.615,0.0,2024-10-19,Online,Kolkata,2846.02
3305,Kids,Running,Free RN,Unknown,2.0,4216.14,0.615,0.0,2024-10-17,Retail,Hyd,-687.95
3309,Men,Lifestyle,Air Force 1,Unknown,2.0,5594.08,0.615,0.0,2023-09-12,Retail,Hyd,626.95
3310,Women,Running,Free RN,M,4.0,6110.030000000001,0.21,0.0,2025-04-18,Retail,Kolkata,2856.16
3316,Women,Running,React Infinity,L,2.0,6110.030000000001,1.02,0.0,2024-04-25,Online,Bengaluru,27.15
3322,Men,Training,Metcon 7,M,2.0,6110.030000000001,0.615,0.0,2023-08-28,Online,Hyderabad,864.55
3329,Kids,Training,ZoomX Invincible,M,2.0,6110.030000000001,0.615,0.0,2024-04-28,Retail,Kolkata,530.29
3334,Kids,Soccer,Tiempo Legend,L,3.0,2471.71,0.615,0.0,2023-11-14,Online,Mumbai,1190.89
3335,Men,Soccer,Premier III,Unknown,2.0,3138.53,0.615,0.0,2024-08-17,Retail,Delhi,1221.99
3337,Men,Training,ZoomX Invincible,L,4.0,6110.030000000001,0.615,0.0,2024-10-10,Online,Delhi,2915.13
3341,Kids,Training,Metcon 7,8,3.0,8387.99,0.615,0.0,2024-03-23,Online,Bangalore,1693.41
2037,Women,Lifestyle,Dunk Low,12,4.0,6110.030000000001,1.23,0.0,2025-04-11,Online,Delhi,3651.05
3358,Men,Basketball,Kyrie Flytrap,M,2.0,6110.030000000001,0.43,0.0,2024-08-01,Online,Hyd,2019.56
3360,Women,Training,Metcon 7,M,4.0,6110.030000000001,0.06,0.0,2024-07-31,Online,Bangalore,304.12
3362,Men,Lifestyle,Air Force 1,L,2.0,6110.030000000001,0.615,0.0,2024-03-10,Retail,Delhi,2730.12
3369,Men,Running,React Infinity,L,2.0,5103.34,0.05,0.0,2024-09-27,Online,Kolkata,1247.02
3379,Men,Basketball,Air Jordan,Unknown,2.0,5000.49,0.86,1400.14,2024-10-23,Retail,Pune,3000.14
3381,Men,Training,ZoomX Invincible,Unknown,1.0,6110.030000000001,0.615,0.0,2024-02-23,Retail,Mumbai,2718.47
3385,Men,Training,ZoomX Invincible,Unknown,2.0,9019.91,0.615,0.0,2025-03-21,Online,Hyd,-643.93
3387,Men,Soccer,Phantom GT,10,4.0,6110.030000000001,1.07,0.0,2025-06-21,Retail,Bengaluru,2821.58
3389,Women,Running,Air Zoom,M,3.0,9764.91,0.615,0.0,2025-04-04,Online,Mumbai,3491.49
3391,Women,Soccer,Mercurial Superfly,M,2.0,6110.030000000001,0.615,0.0,2023-11-14,Retail,Hyderbad,1628.31
3398,Men,Basketball,LeBron 20,XL,2.0,2082.49,0.615,0.0,2023-08-27,Retail,Kolkata,415.57
3405,Women,Lifestyle,Dunk Low,M,0.0,9986.17,1.04,0.0,2025-01-04,Online,Kolkata,1861.72
3413,Kids,Soccer,Phantom GT,XL,2.0,6110.030000000001,0.615,0.0,2023-07-31,Online,Hyderbad,2752.65
3415,Kids,Basketball,Air Jordan,L,-1.0,6165.08,0.615,0.0,2024-03-06,Online,Hyderabad,-426.97
3422,Kids,Training,Metcon 7,XL,2.0,3197.01,0.615,0.0,2024-01-18,Retail,Hyderabad,2432.76
3436,Kids,Soccer,Mercurial Superfly,L,2.0,6110.030000000001,0.615,0.0,2025-06-11,Retail,Bangalore,2107.65
3437,Kids,Soccer,Tiempo Legend,M,2.0,6110.030000000001,0.615,0.0,2024-05-10,Retail,Mumbai,-113.52
3442,Kids,Basketball,Zoom Freak,XL,4.0,6110.030000000001,0.615,0.0,2025-01-21,Online,Mumbai,3129.5
3450,Men,Running,React Infinity,M,3.0,6110.030000000001,0.615,0.0,2024-01-16,Retail,Bengaluru,904.82
3465,Men,Lifestyle,Dunk Low,Unknown,2.0,6110.030000000001,0.615,0.0,2023-11-29,Online,Delhi,1698.7
3478,Kids,Training,Flex Trainer,9,2.0,6110.030000000001,0.615,0.0,2025-05-17,Retail,Mumbai,2192.68
3481,Women,Lifestyle,Air Force 1,XL,4.0,6110.030000000001,0.615,0.0,2023-10-15,Online,Bengaluru,2564.61
3483,Men,Lifestyle,Air Force 1,L,4.0,4733.92,0.615,0.0,2024-12-04,Online,Kolkata,738.19
3485,Women,Lifestyle,Dunk Low,Unknown,2.0,6110.030000000001,0.615,0.0,2024-12-14,Retail,Hyderabad,1722.38
3490,Men,Running,Free RN,L,0.0,6110.030000000001,0.98,0.0,2025-07-08,Online,Delhi,1591.77
3494,Kids,Running,Pegasus Turbo,Unknown,2.0,6110.030000000001,0.87,0.0,2024-09-17,Retail,Pune,3566.05
3495,Women,Basketball,LeBron 20,M,-1.0,6110.030000000001,0.615,0.0,2024-08-13,Retail,Pune,3572.8
3502,Men,Lifestyle,Blazer Mid,L,2.0,6418.29,0.89,0.0,2023-11-09,Online,Delhi,3665.75
3511,Kids,Lifestyle,Blazer Mid,XL,2.0,3248.17,0.06,0.0,2025-02-15,Retail,Hyderabad,877.12
3513,Women,Training,SuperRep Go,Unknown,0.0,6145.98,0.615,0.0,2025-04-16,Retail,Hyderbad,2625.95
3519,Kids,Soccer,Premier III,Unknown,2.0,6110.030000000001,0.615,0.0,2025-05-25,Retail,Kolkata,3491.18
3523,Kids,Training,SuperRep Go,6,2.0,7061.5,1.04,0.0,2024-06-09,Retail,Kolkata,825.03
3530,Women,Soccer,Mercurial Superfly,Unknown,0.0,3034.73,0.615,0.0,2023-09-25,Retail,Kolkata,2458.14
3532,Kids,Running,React Infinity,XL,2.0,9244.96,0.47,0.0,2024-05-07,Online,Mumbai,-955.19
3533,Kids,Running,Air Zoom,L,2.0,6110.030000000001,0.615,0.0,2023-11-05,Retail,Hyd,451.71
3538,Kids,Basketball,Kyrie Flytrap,L,0.0,6110.030000000001,0.615,0.0,2024-12-12,Online,Bengaluru,2787.81
3545,Men,Training,Flex Trainer,12,3.0,6110.030000000001,0.615,0.0,2023-08-03,Online,Delhi,2239.86
3548,Kids,Soccer,Phantom GT,Unknown,3.0,6110.030000000001,0.615,0.0,2024-03-12,Online,Kolkata,3366.32
3551,Women,Training,SuperRep Go,10,2.0,9948.15,1.12,0.0,2023-08-02,Retail,Kolkata,-259.16
3553,Women,Running,Air Zoom,XL,2.0,5216.27,0.615,0.0,2025-06-25,Online,Pune,-720.87
3555,Kids,Soccer,Phantom GT,9,2.0,6110.030000000001,0.615,0.0,2025-04-26,Retail,Hyderbad,-1069.25
3556,Women,Basketball,Kyrie Flytrap,M,4.0,6110.030000000001,0.615,0.0,2025-03-13,Retail,Kolkata,-843.61
3560,Women,Soccer,Phantom GT,Unknown,2.0,6110.030000000001,0.13,0.0,2023-07-26,Retail,Hyderbad,3662.98
3562,Women,Basketball,LeBron 20,Unknown,1.0,6110.030000000001,0.615,0.0,2024-10-31,Retail,Delhi,1904.66
3565,Kids,Basketball,Kyrie Flytrap,XL,2.0,6110.030000000001,0.55,0.0,2024-08-27,Online,Kolkata,3851.81
3569,Women,Soccer,Phantom GT,12,2.0,9203.0,0.615,0.0,2024-08-12,Online,Kolkata,1797.66
3573,Men,Basketball,Air Jordan,Unknown,1.0,6830.98,0.39,4166.9,2025-03-18,Retail,Mumbai,-175.76
3574,Kids,Basketball,Air Jordan,XL,0.0,6110.030000000001,0.96,0.0,2025-01-13,Online,Bangalore,2589.0
3576,Women,Lifestyle,Waffle One,M,2.0,3533.18,0.615,0.0,2024-03-17,Retail,Bengaluru,-586.23
3579,Men,Basketball,LeBron 20,XL,0.0,9995.55,0.615,0.0,2025-02-03,Retail,Delhi,1962.41
3582,Kids,Soccer,Mercurial Superfly,M,2.0,2117.04,0.615,0.0,2024-09-01,Online,Pune,806.52
3587,Men,Training,SuperRep Go,6,2.0,6110.030000000001,0.615,0.0,2025-07-01,Online,Bengaluru,-1182.04
3595,Kids,Running,Air Zoom,L,2.0,6890.68,0.615,0.0,2023-09-05,Online,Pune,3385.84
3613,Men,Lifestyle,Blazer Mid,XL,4.0,6110.030000000001,0.615,0.0,2024-08-16,Online,Hyderbad,2136.73
3614,Men,Training,ZoomX Invincible,L,2.0,6186.3,0.22,0.0,2024-09-17,Online,Pune,2169.69
3619,Kids,Lifestyle,Air Force 1,L,0.0,8915.88,0.615,0.0,2025-02-07,Online,Kolkata,824.23
3623,Men,Lifestyle,Waffle One,XL,2.0,6110.030000000001,0.75,0.0,2025-06-24,Retail,Mumbai,1980.48
3636,Women,Soccer,Tiempo Legend,M,2.0,7881.53,0.615,0.0,2023-12-19,Retail,Delhi,2615.73
3637,Women,Running,Pegasus Turbo,6,2.0,6577.39,0.615,0.0,2025-05-29,Retail,Delhi,1945.9
3644,Kids,Running,React Infinity,Unknown,2.0,5702.53,0.615,0.0,2023-10-31,Online,Delhi,1437.04
3650,Women,Soccer,Premier III,M,2.0,6110.030000000001,0.615,0.0,2024-01-07,Retail,Delhi,-520.93
3651,Men,Training,SuperRep Go,M,2.0,8891.63,1.07,0.0,2024-12-17,Retail,Delhi,-636.77
3652,Kids,Basketball,Air Jordan,XL,0.0,3176.7,0.615,0.0,2023-11-21,Online,Hyderbad,3349.8
2033,Women,Running,React Infinity,M,2.0,6110.030000000001,0.8,0.0,2024-07-23,Retail,Delhi,437.17
3661,Kids,Training,ZoomX Invincible,XL,0.0,9979.38,0.615,0.0,2024-12-05,Online,Delhi,2957.86
3665,Women,Lifestyle,Blazer Mid,Unknown,2.0,2958.1,0.615,0.0,2024-07-06,Retail,Hyderabad,2003.55
3666,Women,Running,Air Zoom,Unknown,2.0,6110.030000000001,1.18,0.0,2025-04-07,Retail,Delhi,3382.55
3669,Women,Lifestyle,Blazer Mid,L,2.0,2287.32,0.615,0.0,2023-08-27,Online,Kolkata,3859.9
3680,Men,Training,Flex Trainer,XL,3.0,8835.41,0.92,2120.5,2025-01-27,Retail,Delhi,-746.28
3683,Women,Soccer,Premier III,L,2.0,6110.030000000001,0.615,0.0,2024-05-15,Retail,Kolkata,-4.26
3696,Kids,Training,ZoomX Invincible,M,2.0,6425.04,0.615,0.0,2024-11-09,Retail,Kolkata,1966.58
3702,Men,Running,React Infinity,M,2.0,6110.030000000001,0.99,0.0,2025-05-20,Online,Pune,3398.32
3705,Kids,Training,Metcon 7,6,2.0,5644.1,0.09,0.0,2024-09-11,Online,Hyderbad,3860.78
3711,Kids,Basketball,Zoom Freak,Unknown,2.0,6110.030000000001,0.53,0.0,2023-12-28,Online,Delhi,1077.08
3716,Women,Soccer,Phantom GT,Unknown,2.0,7916.1,0.9,0.0,2023-08-23,Online,Pune,2442.47
3720,Men,Lifestyle,Blazer Mid,XL,2.0,7365.14,0.615,0.0,2025-01-24,Retail,Delhi,3369.92
3722,Kids,Training,ZoomX Invincible,7,1.0,9335.0,0.22,7281.3,2023-11-21,Retail,Mumbai,1787.45
2016,Women,Training,Metcon 7,Unknown,2.0,6110.030000000001,0.615,0.0,2024-03-15,Retail,Delhi,-263.86
3740,Men,Basketball,Zoom Freak,Unknown,0.0,6110.030000000001,0.615,0.0,2023-09-21,Retail,Pune,2909.82
3742,Women,Soccer,Tiempo Legend,Unknown,2.0,6110.030000000001,0.78,0.0,2024-06-20,Retail,Mumbai,2266.51
3745,Men,Lifestyle,Waffle One,Unknown,2.0,6110.030000000001,0.615,0.0,2025-03-09,Online,Kolkata,552.84
3757,Men,Training,Metcon 7,Unknown,2.0,6110.030000000001,0.615,0.0,2024-06-12,Retail,Hyderbad,-106.88
3758,Kids,Running,Pegasus Turbo,M,3.0,4306.67,0.615,0.0,2025-05-10,Retail,Delhi,-233.45
3764,Men,Lifestyle,Blazer Mid,10,2.0,3953.6,0.615,0.0,2024-02-22,Online,Kolkata,528.86
3770,Women,Running,Free RN,M,4.0,6110.030000000001,0.36,0.0,2024-02-03,Retail,Mumbai,3784.67
3775,Women,Running,Pegasus Turbo,Unknown,0.0,6110.030000000001,0.12,0.0,2024-07-02,Online,Delhi,2865.11
3776,Men,Soccer,Tiempo Legend,L,2.0,6110.030000000001,1.22,0.0,2024-11-12,Online,Kolkata,-1034.46
3778,Kids,Lifestyle,Waffle One,11,2.0,7248.3,0.615,0.0,2025-05-06,Online,Kolkata,-672.15
3779,Women,Soccer,Tiempo Legend,M,2.0,6110.030000000001,1.08,0.0,2024-12-17,Online,Kolkata,1073.22
3781,Kids,Running,Pegasus Turbo,L,2.0,6110.030000000001,0.36,0.0,2024-02-21,Retail,Mumbai,642.3
3784,Kids,Training,SuperRep Go,10,0.0,6110.030000000001,0.615,0.0,2025-07-07,Retail,Pune,2743.21
3787,Kids,Soccer,Mercurial Superfly,Unknown,2.0,5782.29,0.615,0.0,2024-01-25,Retail,Bangalore,2660.28
3798,Women,Training,SuperRep Go,L,2.0,3503.14,0.615,0.0,2025-05-24,Retail,Pune,957.97
3803,Men,Basketball,Zoom Freak,Unknown,3.0,6110.030000000001,1.07,0.0,2025-04-26,Online,Mumbai,-659.53
3805,Women,Lifestyle,Dunk Low,M,0.0,6110.030000000001,0.75,0.0,2024-08-11,Retail,Bengaluru,2727.66
3806,Women,Running,Free RN,M,2.0,6110.030000000001,0.28,0.0,2024-01-03,Retail,Bengaluru,416.94
3809,Women,Running,Air Zoom,11,-1.0,6110.030000000001,0.615,0.0,2024-02-13,Retail,Kolkata,3564.78
3811,Women,Running,React Infinity,XL,0.0,5706.6,0.615,0.0,2024-09-28,Online,Bengaluru,1397.86
3814,Kids,Lifestyle,Dunk Low,M,-1.0,9668.47,0.615,0.0,2024-12-25,Retail,Kolkata,3718.8
3828,Men,Basketball,Air Jordan,XL,2.0,3208.18,0.615,0.0,2024-12-20,Retail,Hyd,103.08
3830,Kids,Soccer,Phantom GT,L,2.0,3664.1,0.615,0.0,2024-09-04,Retail,Hyderabad,3188.23
3832,Men,Basketball,Kyrie Flytrap,L,2.0,3928.02,0.615,0.0,2025-05-28,Retail,Kolkata,3445.25
3833,Men,Soccer,Phantom GT,Unknown,2.0,5312.88,0.615,0.0,2025-02-26,Retail,Kolkata,146.06
3850,Women,Training,SuperRep Go,Unknown,1.0,6110.030000000001,0.615,0.0,2025-06-16,Retail,Delhi,142.55
3857,Women,Soccer,Mercurial Superfly,Unknown,2.0,8490.02,0.96,0.0,2024-09-04,Online,Kolkata,1916.37
3862,Kids,Lifestyle,Dunk Low,L,1.0,6110.030000000001,0.61,0.0,2023-11-17,Online,Delhi,3454.42
3868,Women,Running,Free RN,11,0.0,3554.76,0.51,0.0,2025-04-27,Online,Bangalore,-593.5
3886,Kids,Basketball,Kyrie Flytrap,8,2.0,4967.69,0.615,0.0,2025-01-16,Retail,Delhi,-136.16
3888,Kids,Training,ZoomX Invincible,Unknown,2.0,3737.67,0.615,0.0,2024-12-30,Online,Mumbai,-341.37
3890,Women,Training,ZoomX Invincible,XL,2.0,4392.78,0.615,0.0,2025-01-10,Online,Delhi,676.44
3891,Men,Training,ZoomX Invincible,L,0.0,9453.17,0.615,0.0,2025-02-13,Retail,Bangalore,3832.99
3893,Men,Basketball,Air Jordan,Unknown,2.0,6110.030000000001,1.22,0.0,2025-07-13,Retail,Delhi,2784.1
3894,Women,Soccer,Premier III,11,-1.0,5255.98,1.03,157.68,2024-06-08,Online,Pune,-1067.96
3904,Kids,Soccer,Phantom GT,L,2.0,7775.87,0.615,0.0,2025-05-28,Retail,Bangalore,1143.11
3913,Kids,Training,ZoomX Invincible,XL,1.0,5255.09,0.615,0.0,2024-06-12,Retail,Delhi,2941.84
3917,Women,Running,React Infinity,L,0.0,4726.33,0.615,0.0,2024-10-02,Online,Pune,3551.31
3920,Women,Running,Air Zoom,L,2.0,5540.68,0.615,0.0,2025-06-09,Online,Pune,1252.12
3924,Women,Running,Pegasus Turbo,L,2.0,4809.5,0.615,0.0,2024-03-26,Online,Kolkata,3090.67
3926,Men,Lifestyle,Dunk Low,XL,2.0,4791.86,0.615,0.0,2024-11-08,Online,Mumbai,2972.86
3933,Men,Training,SuperRep Go,XL,4.0,6110.030000000001,0.615,0.0,2025-01-25,Online,Pune,1348.54
3936,Kids,Lifestyle,Blazer Mid,M,3.0,3544.33,0.615,0.0,2023-07-28,Retail,Pune,1983.5
3940,Kids,Running,React Infinity,11,2.0,6110.030000000001,0.615,0.0,2024-12-30,Online,Hyderabad,491.15
3942,Men,Lifestyle,Blazer Mid,M,1.0,3283.25,0.615,0.0,2024-04-27,Online,Delhi,-938.81
2002,Kids,Soccer,Phantom GT,XL,2.0,6110.030000000001,0.615,0.0,2025-05-16,Online,Delhi,-789.24
3946,Men,Training,SuperRep Go,Unknown,-1.0,6110.030000000001,0.615,0.0,2024-08-23,Retail,Kolkata,3250.78
2003,Women,Lifestyle,Waffle One,Unknown,2.0,7203.25,0.615,0.0,2025-03-03,Online,Kolkata,-23.38
3958,Women,Lifestyle,Dunk Low,Unknown,4.0,8614.93,0.615,0.0,2024-03-23,Retail,Kolkata,-312.44
2041,Kids,Soccer,Tiempo Legend,M,-1.0,4414.63,0.615,0.0,2025-02-27,Online,Bangalore,1709.18
3969,Women,Lifestyle,Waffle One,XL,2.0,7922.86,0.615,0.0,2023-08-04,Retail,Mumbai,3753.92
3970,Men,Soccer,Phantom GT,L,0.0,9990.8,0.615,0.0,2025-06-29,Retail,Kolkata,3351.31
3974,Men,Lifestyle,Dunk Low,L,4.0,6110.030000000001,0.615,0.0,2024-03-22,Retail,Delhi,97.6
3978,Women,Training,Flex Trainer,Unknown,2.0,9847.52,0.615,0.0,2024-09-11,Retail,Delhi,754.75
3981,Men,Soccer,Premier III,L,2.0,4007.55,1.02,0.0,2023-12-21,Online,Delhi,90.51
3994,Kids,Basketball,Air Jordan,Unknown,4.0,6110.030000000001,0.615,0.0,2025-04-12,Retail,Bengaluru,-97.39
3997,Women,Lifestyle,Waffle One,M,4.0,6110.030000000001,0.615,0.0,2024-01-24,Retail,Hyderabad,-484.62
4005,Kids,Training,Metcon 7,M,2.0,3730.58,0.615,0.0,2024-11-30,Online,Delhi,1784.38
4008,Men,Basketball,LeBron 20,9,3.0,7737.27,0.07,21586.98,2023-12-15,Retail,Hyderabad,180.31
4009,Kids,Basketball,Zoom Freak,M,2.0,6110.030000000001,0.615,0.0,2024-03-30,Retail,Mumbai,-737.91
4011,Women,Running,Air Zoom,M,4.0,4909.56,0.615,0.0,2025-07-04,Retail,Bangalore,2934.53
2021,Kids,Lifestyle,Waffle One,XL,2.0,4561.67,0.615,0.0,2024-02-13,Online,Pune,1720.61
4019,Women,Soccer,Tiempo Legend,10,-1.0,6110.030000000001,0.66,0.0,2024-10-27,Online,Bengaluru,171.8
4023,Women,Running,Free RN,XL,0.0,2376.12,0.76,0.0,2024-11-28,Online,Hyderbad,1267.41
4025,Women,Basketball,Kyrie Flytrap,L,2.0,2265.37,0.615,0.0,2024-06-25,Retail,Kolkata,2946.35
4030,Men,Lifestyle,Waffle One,L,2.0,6110.030000000001,0.615,0.0,2025-04-28,Online,Kolkata,1865.56
4037,Women,Basketball,LeBron 20,XL,2.0,6110.030000000001,0.74,0.0,2023-08-08,Retail,Delhi,776.81
4054,Women,Lifestyle,Waffle One,Unknown,2.0,3394.38,0.75,0.0,2024-05-09,Online,Mumbai,-401.5
4057,Kids,Basketball,Kyrie Flytrap,M,2.0,6110.030000000001,0.615,0.0,2023-09-22,Retail,Delhi,2575.38
2030,Women,Soccer,Premier III,L,2.0,9804.64,0.71,0.0,2025-02-08,Online,Bangalore,635.57
4074,Kids,Basketball,LeBron 20,L,2.0,8673.78,0.615,0.0,2024-03-28,Retail,Mumbai,-286.0
4080,Kids,Training,Flex Trainer,Unknown,2.0,8515.92,0.615,0.0,2024-11-27,Retail,Hyderabad,255.47
4083,Men,Training,Flex Trainer,L,2.0,8711.81,0.615,0.0,2025-03-29,Online,Bengaluru,-773.05
4086,Women,Running,Air Zoom,XL,3.0,4537.02,0.615,0.0,2025-04-03,Online,Pune,-195.0
4087,Men,Basketball,LeBron 20,Unknown,2.0,6110.030000000001,1.09,0.0,2024-03-13,Retail,Hyderbad,3939.54
4096,Women,Soccer,Phantom GT,8,2.0,6110.030000000001,0.615,0.0,2024-04-03,Online,Pune,3865.04
4100,Men,Running,Pegasus Turbo,L,2.0,3315.29,0.615,0.0,2024-03-19,Online,Delhi,1507.71
4101,Men,Soccer,Mercurial Superfly,Unknown,2.0,6110.030000000001,0.615,0.0,2024-07-10,Retail,Delhi,3064.92
4105,Men,Running,Pegasus Turbo,XL,2.0,3489.95,0.615,0.0,2024-05-25,Retail,Bangalore,2093.87
4108,Kids,Running,Pegasus Turbo,L,2.0,2767.55,0.19,4483.43,2023-11-25,Online,Kolkata,1059.07
4116,Women,Lifestyle,Air Force 1,9,2.0,3854.22,0.615,0.0,2024-08-19,Online,Pune,-43.41
4124,Kids,Basketball,LeBron 20,M,1.0,6110.030000000001,0.0,0.0,2023-10-16,Online,Delhi,477.62
4129,Men,Running,Pegasus Turbo,Unknown,2.0,3445.62,0.24,0.0,2025-03-02,Retail,Kolkata,-29.1
4140,Women,Running,Air Zoom,XL,-1.0,6110.030000000001,0.615,0.0,2025-04-28,Online,Bangalore,3381.94
4146,Kids,Lifestyle,Blazer Mid,10,2.0,6110.030000000001,0.615,0.0,2023-08-27,Online,Mumbai,1217.01
4156,Men,Running,React Infinity,M,2.0,7417.67,0.615,0.0,2024-05-20,Online,Mumbai,203.96
4157,Men,Basketball,Zoom Freak,XL,3.0,6110.030000000001,0.615,0.0,2025-07-09,Retail,Delhi,-699.76
4163,Men,Training,SuperRep Go,L,2.0,6110.030000000001,0.615,0.0,2024-09-12,Retail,Hyd,1942.39
4165,Women,Training,SuperRep Go,XL,1.0,6110.030000000001,0.26,0.0,2024-11-20,Online,Bangalore,2194.38
4168,Kids,Running,Free RN,10,4.0,6110.030000000001,0.615,0.0,2024-06-09,Retail,Mumbai,3282.84
4171,Men,Running,React Infinity,M,2.0,9303.8,0.615,0.0,2024-12-21,Retail,Delhi,-1107.26
4176,Women,Training,ZoomX Invincible,M,1.0,6110.030000000001,0.615,0.0,2023-09-02,Retail,Hyderabad,2254.67
4181,Women,Running,Free RN,M,3.0,6110.030000000001,0.615,0.0,2025-04-05,Retail,Delhi,-564.63
4185,Women,Training,ZoomX Invincible,6,3.0,6110.030000000001,0.615,0.0,2025-02-01,Online,Hyderbad,2562.05
4186,Men,Basketball,LeBron 20,XL,2.0,9872.08,0.17,0.0,2025-03-10,Online,Bengaluru,409.77
2050,Kids,Soccer,Tiempo Legend,Unknown,0.0,6110.030000000001,0.615,0.0,2023-09-30,Online,Pune,1182.9
4191,Men,Running,React Infinity,M,2.0,6110.030000000001,0.615,0.0,2024-07-22,Online,Pune,671.86
4195,Kids,Training,Metcon 7,L,2.0,6317.4,0.615,0.0,2023-09-23,Retail,Mumbai,-746.03
4199,Women,Running,Free RN,Unknown,2.0,6110.030000000001,0.615,0.0,2025-05-25,Online,Hyderbad,-731.89
4201,Kids,Running,React Infinity,L,3.0,6110.030000000001,0.615,0.0,2025-05-09,Retail,Kolkata,1412.54
4204,Kids,Lifestyle,Waffle One,Unknown,2.0,7265.47,0.615,0.0,2025-04-16,Online,Pune,1589.71
4209,Women,Running,Air Zoom,M,1.0,6110.030000000001,0.615,0.0,2023-12-03,Online,Kolkata,3222.58
4212,Men,Running,React Infinity,XL,3.0,6110.030000000001,0.9,0.0,2023-07-29,Online,Kolkata,3556.86
4213,Men,Lifestyle,Dunk Low,L,0.0,6110.030000000001,0.615,0.0,2024-05-26,Retail,Delhi,1165.42
4217,Men,Soccer,Tiempo Legend,12,2.0,3080.23,0.22,0.0,2025-05-08,Online,Delhi,-950.13
4223,Kids,Soccer,Mercurial Superfly,L,1.0,6110.030000000001,0.31,0.0,2025-02-04,Retail,Bengaluru,-1152.37
4227,Kids,Training,Metcon 7,L,2.0,6110.030000000001,0.615,0.0,2024-12-17,Retail,Mumbai,110.91
4238,Men,Soccer,Phantom GT,XL,2.0,6489.35,0.615,0.0,2024-12-14,Online,Hyderabad,-321.44
4239,Men,Running,Air Zoom,Unknown,2.0,6110.030000000001,1.13,0.0,2023-09-08,Online,Kolkata,-828.71
4241,Women,Basketball,LeBron 20,M,2.0,6110.030000000001,0.615,0.0,2024-10-29,Retail,Delhi,3890.05
4250,Women,Basketball,Air Jordan,11,2.0,6110.030000000001,0.615,0.0,2025-01-16,Online,Kolkata,2005.64
4251,Kids,Basketball,LeBron 20,M,1.0,6110.030000000001,0.59,0.0,2024-01-07,Retail,Mumbai,354.2
4252,Kids,Training,SuperRep Go,L,2.0,6110.030000000001,1.0,0.0,2024-06-08,Online,Hyderbad,2633.21
4256,Women,Soccer,Tiempo Legend,XL,4.0,6110.030000000001,0.52,0.0,2024-12-18,Online,Hyd,-782.15
4258,Kids,Lifestyle,Dunk Low,L,-1.0,4189.36,0.615,0.0,2024-06-10,Retail,Pune,1276.34
4259,Men,Lifestyle,Air Force 1,L,2.0,6110.030000000001,0.35,0.0,2023-09-22,Retail,Bangalore,3351.25
2044,Men,Training,Flex Trainer,XL,2.0,6110.030000000001,0.615,0.0,2023-08-13,Online,Bangalore,1192.96
4264,Kids,Lifestyle,Air Force 1,M,-1.0,6012.55,0.615,0.0,2024-01-11,Online,Delhi,783.79
4265,Kids,Training,Flex Trainer,M,2.0,6110.030000000001,0.615,0.0,2024-02-08,Online,Kolkata,1852.59
4266,Men,Lifestyle,Waffle One,XL,3.0,6110.030000000001,0.615,0.0,2025-07-04,Online,Mumbai,-898.11
4276,Men,Basketball,Kyrie Flytrap,11,3.0,6110.030000000001,0.615,0.0,2025-02-05,Retail,Bengaluru,-1109.4
4279,Men,Training,ZoomX Invincible,XL,2.0,6110.030000000001,0.615,0.0,2025-04-30,Retail,Pune,1724.71
4283,Men,Training,ZoomX Invincible,M,1.0,9649.36,0.95,482.47,2025-02-26,Retail,Bengaluru,1158.69
4284,Men,Running,Air Zoom,Unknown,2.0,2953.43,0.1,0.0,2024-05-15,Retail,Delhi,2708.4
4286,Kids,Soccer,Tiempo Legend,L,2.0,5385.78,0.615,0.0,2025-06-08,Online,Kolkata,840.25
4290,Kids,Lifestyle,Blazer Mid,Unknown,-1.0,6110.030000000001,0.615,0.0,2025-01-25,Retail,Kolkata,698.53
4294,Women,Soccer,Premier III,Unknown,2.0,5238.91,0.615,0.0,2025-01-16,Online,Kolkata,1217.07
2026,Kids,Training,ZoomX Invincible,Unknown,2.0,6110.030000000001,0.615,0.0,2024-01-05,Online,Kolkata,-264.65
4303,Men,Soccer,Phantom GT,L,2.0,7587.07,0.615,0.0,2024-07-21,Online,Bengaluru,-1131.99
4304,Kids,Basketball,Kyrie Flytrap,L,2.0,4877.24,0.615,0.0,2024-07-07,Retail,Hyderbad,2692.2
4311,Men,Training,SuperRep Go,L,3.0,6110.030000000001,0.46,0.0,2023-08-16,Retail,Bengaluru,2595.51
4315,Women,Lifestyle,Dunk Low,M,4.0,4080.51,0.615,0.0,2024-03-04,Retail,Pune,3322.21
4316,Men,Running,React Infinity,XL,2.0,6110.030000000001,0.615,0.0,2024-01-04,Retail,Hyd,405.43
4317,Kids,Lifestyle,Blazer Mid,L,2.0,9623.53,0.615,0.0,2024-10-15,Retail,Bangalore,-448.89
2027,Men,Training,SuperRep Go,L,0.0,6110.030000000001,0.08,0.0,2024-11-14,Retail,Kolkata,126.1
4320,Women,Training,SuperRep Go,11,2.0,6110.030000000001,0.615,0.0,2024-09-27,Online,Delhi,1848.29
4321,Kids,Running,Free RN,XL,2.0,6646.84,0.615,0.0,2024-01-15,Online,Mumbai,2210.19
4326,Women,Lifestyle,Air Force 1,XL,0.0,9604.84,0.31,0.0,2024-06-06,Retail,Delhi,-143.11
4331,Women,Training,SuperRep Go,Unknown,2.0,4574.53,0.04,8783.1,2025-01-03,Retail,Kolkata,3534.47
4332,Women,Running,Pegasus Turbo,Unknown,2.0,6110.030000000001,0.12,0.0,2024-09-24,Online,Delhi,2181.1
4335,Kids,Running,Air Zoom,Unknown,2.0,6110.030000000001,0.615,0.0,2025-06-30,Online,Kolkata,133.01
2009,Kids,Running,Pegasus Turbo,L,2.0,6110.030000000001,0.84,0.0,2023-11-22,Retail,Delhi,1671.62
4344,Kids,Soccer,Premier III,8,2.0,6110.030000000001,0.615,0.0,2024-01-18,Online,Delhi,-467.18
4345,Kids,Training,Metcon 7,Unknown,2.0,2282.8,0.28,0.0,2024-11-29,Retail,Pune,459.9
4347,Men,Lifestyle,Dunk Low,12,-1.0,9440.95,0.615,0.0,2025-03-10,Retail,Hyd,2945.56
4348,Women,Lifestyle,Blazer Mid,Unknown,2.0,6110.030000000001,0.615,0.0,2023-09-25,Online,Pune,25.44
4350,Men,Soccer,Phantom GT,M,0.0,6110.030000000001,0.615,0.0,2024-05-30,Online,Delhi,2515.85
4351,Men,Soccer,Mercurial Superfly,M,0.0,6110.030000000001,0.615,0.0,2024-08-19,Online,Pune,3303.1
4362,Men,Training,Flex Trainer,Unknown,2.0,6110.030000000001,0.0,0.0,2025-07-08,Online,Kolkata,-81.22
4367,Kids,Basketball,Kyrie Flytrap,Unknown,2.0,8832.85,0.615,0.0,2024-01-08,Retail,Kolkata,-1073.49
4378,Men,Training,Flex Trainer,Unknown,4.0,2620.09,0.615,0.0,2024-08-29,Online,Mumbai,263.16
4383,Women,Soccer,Tiempo Legend,Unknown,2.0,6110.030000000001,0.16,0.0,2024-12-24,Retail,Delhi,3378.64
4384,Women,Running,Pegasus Turbo,Unknown,2.0,6110.030000000001,0.6,0.0,2024-06-15,Online,Kolkata,3507.63
4385,Men,Basketball,Kyrie Flytrap,L,2.0,9057.85,0.84,0.0,2023-12-13,Retail,Kolkata,1767.32
4398,Men,Soccer,Premier III,XL,2.0,6110.030000000001,0.615,0.0,2024-06-29,Online,Delhi,1971.9
4410,Men,Basketball,Kyrie Flytrap,XL,-1.0,5967.57,1.1,596.76,2024-01-26,Retail,Mumbai,-1011.68
2007,Men,Soccer,Phantom GT,L,2.0,7652.31,0.615,0.0,2023-09-29,Retail,Bangalore,1515.95
4425,Women,Running,Air Zoom,L,0.0,4034.25,0.615,0.0,2023-09-04,Retail,Delhi,363.8
4428,Kids,Lifestyle,Waffle One,Unknown,2.0,6110.030000000001,0.615,0.0,2025-04-04,Online,Hyderabad,2700.85
4437,Men,Basketball,Kyrie Flytrap,XL,2.0,6110.030000000001,0.615,0.0,2023-11-25,Retail,Hyderabad,3972.33
4441,Kids,Soccer,Premier III,L,3.0,6110.030000000001,0.615,0.0,2024-05-05,Retail,Kolkata,2036.39
4442,Women,Soccer,Phantom GT,L,2.0,6110.030000000001,0.615,0.0,2024-05-22,Retail,Hyd,1366.18
4447,Kids,Running,Free RN,XL,0.0,6110.030000000001,0.615,0.0,2024-12-12,Retail,Delhi,1574.91
4456,Women,Basketball,Kyrie Flytrap,XL,1.0,6110.030000000001,0.32,0.0,2023-12-16,Retail,Hyderabad,450.51
4458,Kids,Soccer,Premier III,L,2.0,6500.77,0.22,0.0,2024-10-28,Retail,Mumbai,870.08
4466,Kids,Soccer,Mercurial Superfly,Unknown,2.0,4743.16,0.615,0.0,2024-03-06,Retail,Mumbai,3480.06
4467,Kids,Lifestyle,Air Force 1,XL,2.0,3918.43,0.615,0.0,2024-09-03,Retail,Kolkata,2820.24
4472,Women,Basketball,LeBron 20,Unknown,2.0,6833.94,0.615,0.0,2024-08-12,Online,Hyd,-151.52
4475,Kids,Soccer,Tiempo Legend,M,2.0,6110.030000000001,1.25,0.0,2024-03-04,Online,Hyd,1487.03
4479,Kids,Lifestyle,Air Force 1,Unknown,2.0,7530.67,0.615,0.0,2024-12-04,Online,Kolkata,3209.42
4482,Kids,Soccer,Phantom GT,L,2.0,6110.030000000001,0.615,0.0,2024-07-16,Online,Mumbai,-742.03
4486,Women,Training,Flex Trainer,XL,2.0,6110.030000000001,0.615,0.0,2023-10-15,Online,Bangalore,3338.79
4489,Kids,Lifestyle,Blazer Mid,9,3.0,6110.030000000001,1.15,0.0,2025-04-02,Retail,Bengaluru,1890.99
4493,Women,Lifestyle,Blazer Mid,XL,4.0,6110.030000000001,0.615,0.0,2024-10-04,Online,Mumbai,321.24
4495,Kids,Basketball,Kyrie Flytrap,XL,3.0,6110.030000000001,0.615,0.0,2025-05-14,Online,Pune,2.97
